SEASON_ID,TEAM_ID,TEAM_ABBREVIATION,TEAM_NAME,PLAY_TYPE,TYPE_GROUPING,PERCENTILE,GP,POSS_PCT,PPP,FG_PCT,FT_POSS_PCT,TOV_POSS_PCT,SF_POSS_PCT,PLUSONE_POSS_PCT,SCORE_POSS_PCT,EFG_PCT,POSS,PTS,FGM,FGA,FGMX
22024,1610612746,LAC,LA Clippers,Isolation,Offensive,0.862,82,0.12,0.972,0.388,0.159,0.106,0.155,0.025,0.428,0.454,13.1,12.8,3.9,10.0,6.1
22024,1610612742,DAL,Dallas Mavericks,Isolation,Offensive,0.793,82,0.1,0.952,0.424,0.126,0.098,0.119,0.023,0.437,0.477,11.1,10.5,3.8,8.9,5.1
22024,1610612760,OKC,Oklahoma City Thunder,Isolation,Offensive,0.966,82,0.09,1.034,0.451,0.14,0.06,0.127,0.025,0.484,0.488,10.2,10.5,3.8,8.4,4.6
22024,1610612738,BOS,Boston Celtics,Isolation,Offensive,0.828,82,0.1,0.956,0.413,0.116,0.075,0.106,0.022,0.433,0.466,10.9,10.5,3.8,9.1,5.3
22024,1610612747,LAL,Los Angeles Lakers,Isolation,Offensive,0.897,82,0.09,0.983,0.426,0.137,0.085,0.134,0.031,0.451,0.473,9.8,9.6,3.4,7.9,4.5
22024,1610612755,PHI,Philadelphia 76ers,Isolation,Offensive,0.483,82,0.094,0.899,0.418,0.116,0.094,0.108,0.027,0.426,0.455,10.3,9.3,3.5,8.5,4.9
22024,1610612749,MIL,Milwaukee Bucks,Isolation,Offensive,0.759,82,0.084,0.939,0.453,0.13,0.096,0.121,0.023,0.454,0.48,9.2,8.6,3.3,7.3,4.0
22024,1610612763,MEM,Memphis Grizzlies,Isolation,Offensive,0.621,82,0.076,0.914,0.441,0.137,0.121,0.127,0.037,0.439,0.47,9.0,8.2,3.1,7.0,3.9
22024,1610612757,POR,Portland Trail Blazers,Isolation,Offensive,0.414,82,0.076,0.876,0.386,0.139,0.103,0.131,0.036,0.407,0.425,8.8,7.7,2.7,7.0,4.3
22024,1610612750,MIN,Minnesota Timberwolves,Isolation,Offensive,0.345,82,0.078,0.873,0.394,0.122,0.146,0.113,0.015,0.399,0.455,8.7,7.6,2.5,6.5,3.9
22024,1610612752,NYK,New York Knicks,Isolation,Offensive,0.69,82,0.073,0.926,0.419,0.142,0.104,0.135,0.045,0.425,0.456,8.1,7.5,2.7,6.4,3.7
22024,1610612745,HOU,Houston Rockets,Isolation,Offensive,0.207,82,0.076,0.842,0.403,0.116,0.109,0.107,0.019,0.41,0.43,8.9,7.5,2.8,7.0,4.2
22024,1610612756,PHX,Phoenix Suns,Isolation,Offensive,1.0,82,0.065,1.054,0.504,0.151,0.106,0.132,0.037,0.503,0.526,7.0,7.4,2.8,5.5,2.7
22024,1610612758,SAC,Sacramento Kings,Isolation,Offensive,0.552,82,0.072,0.911,0.413,0.126,0.076,0.123,0.021,0.437,0.442,8.1,7.3,2.7,6.6,3.9
22024,1610612762,UTA,Utah Jazz,Isolation,Offensive,0.138,82,0.076,0.837,0.36,0.154,0.107,0.14,0.025,0.396,0.4,8.7,7.3,2.4,6.6,4.2
22024,1610612759,SAS,San Antonio Spurs,Isolation,Offensive,0.517,82,0.069,0.902,0.407,0.133,0.093,0.126,0.025,0.431,0.442,7.7,7.0,2.5,6.2,3.7
22024,1610612753,ORL,Orlando Magic,Isolation,Offensive,0.241,82,0.072,0.861,0.401,0.136,0.104,0.124,0.028,0.418,0.43,7.9,6.8,2.5,6.2,3.7
22024,1610612740,NOP,New Orleans Pelicans,Isolation,Offensive,0.034,82,0.069,0.824,0.374,0.148,0.11,0.138,0.02,0.405,0.399,7.8,6.4,2.2,5.9,3.7
22024,1610612748,MIA,Miami Heat,Isolation,Offensive,0.379,82,0.066,0.874,0.418,0.12,0.097,0.111,0.022,0.431,0.434,7.1,6.2,2.4,5.7,3.3
22024,1610612766,CHA,Charlotte Hornets,Isolation,Offensive,0.586,82,0.06,0.913,0.4,0.129,0.093,0.126,0.024,0.426,0.434,6.7,6.1,2.1,5.4,3.2
22024,1610612765,DET,Detroit Pistons,Isolation,Offensive,0.31,82,0.059,0.87,0.413,0.131,0.124,0.12,0.033,0.418,0.439,6.7,5.8,2.1,5.2,3.0
22024,1610612754,IND,Indiana Pacers,Isolation,Offensive,0.724,82,0.056,0.933,0.429,0.114,0.087,0.105,0.034,0.436,0.468,6.2,5.8,2.2,5.1,2.9
22024,1610612751,BKN,Brooklyn Nets,Isolation,Offensive,0.448,82,0.057,0.876,0.392,0.143,0.11,0.132,0.026,0.415,0.43,6.2,5.4,1.9,4.8,2.9
22024,1610612739,CLE,Cleveland Cavaliers,Isolation,Offensive,0.276,82,0.055,0.867,0.397,0.123,0.113,0.113,0.018,0.408,0.446,6.2,5.3,1.9,4.8,2.9
22024,1610612743,DEN,Denver Nuggets,Isolation,Offensive,0.655,82,0.05,0.919,0.452,0.099,0.107,0.092,0.015,0.448,0.484,5.7,5.2,2.1,4.6,2.5
22024,1610612741,CHI,Chicago Bulls,Isolation,Offensive,0.931,82,0.045,0.991,0.425,0.133,0.077,0.122,0.026,0.45,0.486,5.2,5.2,1.8,4.2,2.4
22024,1610612744,GSW,Golden State Warriors,Isolation,Offensive,0.172,82,0.05,0.837,0.368,0.15,0.096,0.139,0.026,0.405,0.4,5.7,4.8,1.6,4.4,2.8
22024,1610612764,WAS,Washington Wizards,Isolation,Offensive,0.069,82,0.043,0.832,0.386,0.109,0.133,0.096,0.03,0.383,0.431,4.9,4.1,1.5,3.9,2.4
22024,1610612761,TOR,Toronto Raptors,Isolation,Offensive,0.103,82,0.041,0.832,0.392,0.131,0.098,0.126,0.018,0.42,0.412,4.7,3.9,1.5,3.7,2.3
22024,1610612737,ATL,Atlanta Hawks,Isolation,Offensive,0.0,82,0.041,0.791,0.322,0.157,0.113,0.139,0.015,0.376,0.355,4.7,3.7,1.1,3.5,2.4
22024,1610612763,MEM,Memphis Grizzlies,Transition,Offensive,0.69,82,0.242,1.148,0.529,0.117,0.117,0.105,0.029,0.506,0.618,28.6,32.8,12.0,22.7,10.7
22024,1610612741,CHI,Chicago Bulls,Transition,Offensive,0.655,82,0.243,1.145,0.529,0.124,0.112,0.116,0.027,0.509,0.616,27.9,31.9,11.6,22.0,10.4
22024,1610612737,ATL,Atlanta Hawks,Transition,Offensive,0.31,82,0.211,1.115,0.543,0.115,0.137,0.108,0.027,0.503,0.618,24.6,27.4,10.3,19.1,8.7
22024,1610612743,DEN,Denver Nuggets,Transition,Offensive,0.931,82,0.198,1.176,0.581,0.137,0.13,0.127,0.03,0.545,0.648,22.4,26.3,9.9,17.1,7.2
22024,1610612761,TOR,Toronto Raptors,Transition,Offensive,0.069,82,0.217,1.051,0.499,0.119,0.112,0.112,0.024,0.485,0.563,25.0,26.3,9.9,19.8,9.9
22024,1610612754,IND,Indiana Pacers,Transition,Offensive,0.862,82,0.202,1.167,0.557,0.121,0.111,0.112,0.026,0.533,0.629,22.5,26.2,9.9,17.8,7.9
22024,1610612765,DET,Detroit Pistons,Transition,Offensive,0.448,82,0.203,1.135,0.536,0.124,0.117,0.117,0.032,0.513,0.605,23.1,26.2,9.8,18.2,8.5
22024,1610612760,OKC,Oklahoma City Thunder,Transition,Offensive,0.897,82,0.193,1.174,0.535,0.124,0.085,0.115,0.029,0.532,0.609,21.7,25.5,9.5,17.8,8.3
22024,1610612759,SAS,San Antonio Spurs,Transition,Offensive,0.621,82,0.199,1.145,0.533,0.128,0.111,0.123,0.034,0.511,0.614,22.2,25.5,9.4,17.7,8.3
22024,1610612742,DAL,Dallas Mavericks,Transition,Offensive,0.241,82,0.198,1.107,0.529,0.127,0.125,0.118,0.031,0.5,0.603,22.0,24.3,9.0,17.1,8.0
22024,1610612752,NYK,New York Knicks,Transition,Offensive,0.966,82,0.183,1.182,0.556,0.13,0.106,0.118,0.032,0.536,0.629,20.1,23.8,8.9,16.0,7.1
22024,1610612764,WAS,Washington Wizards,Transition,Offensive,0.103,82,0.194,1.072,0.511,0.116,0.127,0.108,0.02,0.486,0.587,22.1,23.7,8.8,17.2,8.4
22024,1610612739,CLE,Cleveland Cavaliers,Transition,Offensive,1.0,82,0.175,1.195,0.536,0.114,0.104,0.107,0.029,0.518,0.639,19.7,23.5,8.5,15.9,7.4
22024,1610612746,LAC,LA Clippers,Transition,Offensive,0.345,82,0.191,1.125,0.539,0.116,0.124,0.108,0.022,0.51,0.614,20.9,23.5,8.8,16.3,7.5
22024,1610612745,HOU,Houston Rockets,Transition,Offensive,0.276,82,0.181,1.11,0.531,0.132,0.13,0.119,0.025,0.505,0.606,21.0,23.4,8.5,16.1,7.5
22024,1610612744,GSW,Golden State Warriors,Transition,Offensive,0.552,82,0.177,1.138,0.535,0.119,0.118,0.109,0.029,0.507,0.618,20.0,22.8,8.5,15.9,7.4
22024,1610612740,NOP,New Orleans Pelicans,Transition,Offensive,0.483,82,0.174,1.136,0.54,0.121,0.116,0.113,0.025,0.517,0.618,19.7,22.4,8.4,15.5,7.1
22024,1610612762,UTA,Utah Jazz,Transition,Offensive,0.172,82,0.177,1.09,0.533,0.117,0.148,0.106,0.026,0.491,0.609,20.3,22.1,8.2,15.5,7.2
22024,1610612757,POR,Portland Trail Blazers,Transition,Offensive,0.034,82,0.187,1.026,0.505,0.144,0.139,0.134,0.028,0.481,0.56,21.5,22.1,8.1,16.0,8.0
22024,1610612755,PHI,Philadelphia 76ers,Transition,Offensive,0.724,82,0.174,1.149,0.535,0.154,0.114,0.146,0.034,0.526,0.605,19.1,22.0,7.8,14.6,6.8
22024,1610612758,SAC,Sacramento Kings,Transition,Offensive,0.379,82,0.174,1.126,0.539,0.126,0.132,0.114,0.026,0.509,0.614,19.5,22.0,8.1,15.0,6.9
22024,1610612749,MIL,Milwaukee Bucks,Transition,Offensive,0.793,82,0.172,1.16,0.552,0.158,0.115,0.149,0.036,0.528,0.633,18.7,21.7,7.9,14.3,6.4
22024,1610612747,LAL,Los Angeles Lakers,Transition,Offensive,0.586,82,0.172,1.14,0.554,0.127,0.122,0.119,0.024,0.525,0.624,18.7,21.3,8.0,14.5,6.5
22024,1610612751,BKN,Brooklyn Nets,Transition,Offensive,0.138,82,0.178,1.081,0.501,0.118,0.124,0.106,0.02,0.482,0.581,19.4,21.0,7.6,15.1,7.5
22024,1610612748,MIA,Miami Heat,Transition,Offensive,0.828,82,0.165,1.16,0.54,0.132,0.117,0.125,0.031,0.52,0.622,17.9,20.8,7.5,14.0,6.4
22024,1610612738,BOS,Boston Celtics,Transition,Offensive,0.414,82,0.16,1.13,0.507,0.091,0.096,0.083,0.017,0.492,0.604,17.6,19.9,7.4,14.6,7.2
22024,1610612753,ORL,Orlando Magic,Transition,Offensive,0.207,82,0.164,1.106,0.516,0.136,0.106,0.125,0.026,0.508,0.581,17.9,19.8,7.2,14.0,6.8
22024,1610612756,PHX,Phoenix Suns,Transition,Offensive,0.759,82,0.154,1.155,0.537,0.118,0.122,0.106,0.018,0.512,0.629,16.7,19.3,7.0,13.0,6.0
22024,1610612750,MIN,Minnesota Timberwolves,Transition,Offensive,0.517,82,0.153,1.136,0.548,0.12,0.122,0.109,0.027,0.518,0.619,16.9,19.2,7.3,13.3,6.0
22024,1610612766,CHA,Charlotte Hornets,Transition,Offensive,0.0,82,0.163,1.023,0.494,0.115,0.144,0.102,0.018,0.466,0.566,18.4,18.8,6.9,13.9,7.0
22024,1610612739,CLE,Cleveland Cavaliers,PRBallHandler,Offensive,0.966,82,0.218,0.989,0.457,0.098,0.129,0.091,0.021,0.437,0.529,24.5,24.3,8.9,19.5,10.6
22024,1610612760,OKC,Oklahoma City Thunder,PRBallHandler,Offensive,0.862,82,0.177,0.965,0.473,0.134,0.138,0.121,0.028,0.457,0.505,20.0,19.3,7.1,15.1,8.0
22024,1610612766,CHA,Charlotte Hornets,PRBallHandler,Offensive,0.0,82,0.209,0.803,0.369,0.072,0.138,0.066,0.012,0.354,0.43,23.6,18.9,7.0,18.9,11.9
22024,1610612754,IND,Indiana Pacers,PRBallHandler,Offensive,0.793,82,0.174,0.955,0.454,0.093,0.121,0.08,0.014,0.437,0.509,19.4,18.5,7.0,15.5,8.5
22024,1610612757,POR,Portland Trail Blazers,PRBallHandler,Offensive,0.483,82,0.18,0.887,0.425,0.098,0.157,0.089,0.024,0.398,0.488,20.7,18.4,6.8,15.9,9.2
22024,1610612745,HOU,Houston Rockets,PRBallHandler,Offensive,0.414,82,0.171,0.884,0.411,0.086,0.127,0.077,0.015,0.399,0.47,19.9,17.6,6.6,16.0,9.4
22024,1610612737,ATL,Atlanta Hawks,PRBallHandler,Offensive,0.655,82,0.163,0.913,0.433,0.104,0.17,0.089,0.017,0.405,0.503,19.0,17.4,6.1,14.2,8.0
22024,1610612764,WAS,Washington Wizards,PRBallHandler,Offensive,0.31,82,0.18,0.844,0.41,0.099,0.164,0.082,0.019,0.384,0.465,20.5,17.3,6.3,15.5,9.1
22024,1610612765,DET,Detroit Pistons,PRBallHandler,Offensive,0.517,82,0.171,0.887,0.428,0.095,0.145,0.087,0.018,0.408,0.48,19.4,17.2,6.5,15.1,8.6
22024,1610612750,MIN,Minnesota Timberwolves,PRBallHandler,Offensive,0.724,82,0.163,0.92,0.424,0.091,0.17,0.079,0.02,0.391,0.516,18.1,16.6,5.8,13.7,7.9
22024,1610612753,ORL,Orlando Magic,PRBallHandler,Offensive,0.241,82,0.181,0.836,0.412,0.111,0.168,0.102,0.021,0.393,0.453,19.7,16.5,6.0,14.6,8.6
22024,1610612752,NYK,New York Knicks,PRBallHandler,Offensive,1.0,82,0.15,0.999,0.462,0.105,0.111,0.093,0.016,0.455,0.52,16.5,16.5,6.1,13.2,7.1
22024,1610612741,CHI,Chicago Bulls,PRBallHandler,Offensive,0.586,82,0.159,0.903,0.443,0.102,0.171,0.094,0.019,0.412,0.496,18.2,16.4,6.0,13.6,7.6
22024,1610612740,NOP,New Orleans Pelicans,PRBallHandler,Offensive,0.069,82,0.178,0.81,0.405,0.082,0.169,0.076,0.013,0.374,0.454,20.2,16.3,6.2,15.4,9.1
22024,1610612758,SAC,Sacramento Kings,PRBallHandler,Offensive,0.931,82,0.15,0.974,0.482,0.101,0.143,0.096,0.023,0.452,0.526,16.8,16.3,6.3,13.1,6.8
22024,1610612738,BOS,Boston Celtics,PRBallHandler,Offensive,0.897,82,0.154,0.967,0.426,0.087,0.143,0.073,0.015,0.404,0.529,16.8,16.3,5.6,13.2,7.6
22024,1610612755,PHI,Philadelphia 76ers,PRBallHandler,Offensive,0.345,82,0.17,0.87,0.411,0.093,0.141,0.083,0.02,0.393,0.468,18.7,16.3,6.0,14.7,8.7
22024,1610612749,MIL,Milwaukee Bucks,PRBallHandler,Offensive,0.828,82,0.153,0.965,0.46,0.126,0.162,0.116,0.021,0.436,0.519,16.6,16.0,5.6,12.2,6.6
22024,1610612756,PHX,Phoenix Suns,PRBallHandler,Offensive,0.448,82,0.164,0.887,0.429,0.098,0.155,0.092,0.012,0.411,0.474,17.8,15.8,5.8,13.5,7.7
22024,1610612747,LAL,Los Angeles Lakers,PRBallHandler,Offensive,0.69,82,0.159,0.914,0.436,0.126,0.175,0.114,0.024,0.413,0.502,17.3,15.8,5.4,12.5,7.0
22024,1610612742,DAL,Dallas Mavericks,PRBallHandler,Offensive,0.759,82,0.153,0.923,0.431,0.116,0.13,0.11,0.029,0.421,0.48,17.0,15.7,5.8,13.3,7.6
22024,1610612748,MIA,Miami Heat,PRBallHandler,Offensive,0.379,82,0.162,0.882,0.441,0.089,0.18,0.083,0.022,0.396,0.502,17.5,15.5,5.8,13.2,7.4
22024,1610612746,LAC,LA Clippers,PRBallHandler,Offensive,0.552,82,0.146,0.901,0.429,0.088,0.161,0.081,0.015,0.399,0.492,16.0,14.4,5.2,12.2,7.0
22024,1610612762,UTA,Utah Jazz,PRBallHandler,Offensive,0.172,82,0.15,0.831,0.408,0.092,0.193,0.076,0.015,0.37,0.479,17.2,14.3,5.1,12.6,7.5
22024,1610612759,SAS,San Antonio Spurs,PRBallHandler,Offensive,0.276,82,0.138,0.841,0.42,0.097,0.174,0.088,0.018,0.389,0.473,15.5,13.0,4.9,11.5,6.7
22024,1610612751,BKN,Brooklyn Nets,PRBallHandler,Offensive,0.207,82,0.14,0.833,0.412,0.111,0.178,0.097,0.022,0.389,0.451,15.2,12.7,4.6,11.1,6.5
22024,1610612761,TOR,Toronto Raptors,PRBallHandler,Offensive,0.034,82,0.135,0.809,0.427,0.109,0.196,0.1,0.024,0.387,0.46,15.5,12.6,4.8,11.2,6.4
22024,1610612743,DEN,Denver Nuggets,PRBallHandler,Offensive,0.621,82,0.121,0.907,0.45,0.079,0.167,0.07,0.014,0.405,0.515,13.8,12.5,4.8,10.6,5.8
22024,1610612744,GSW,Golden State Warriors,PRBallHandler,Offensive,0.103,82,0.134,0.818,0.369,0.105,0.13,0.094,0.015,0.373,0.426,15.2,12.4,4.4,11.8,7.5
22024,1610612763,MEM,Memphis Grizzlies,PRBallHandler,Offensive,0.138,82,0.102,0.824,0.416,0.075,0.177,0.065,0.016,0.376,0.461,12.0,9.9,3.8,9.2,5.4
22024,1610612737,ATL,Atlanta Hawks,PRRollMan,Offensive,0.621,82,0.075,1.115,0.533,0.103,0.067,0.1,0.025,0.527,0.58,8.8,9.8,4.0,7.5,3.5
22024,1610612749,MIL,Milwaukee Bucks,PRRollMan,Offensive,0.931,82,0.073,1.166,0.518,0.094,0.051,0.091,0.022,0.514,0.604,7.9,9.2,3.6,7.0,3.4
22024,1610612754,IND,Indiana Pacers,PRRollMan,Offensive,0.897,82,0.071,1.162,0.491,0.105,0.048,0.103,0.022,0.505,0.581,7.9,9.2,3.4,6.9,3.5
22024,1610612739,CLE,Cleveland Cavaliers,PRRollMan,Offensive,0.966,82,0.069,1.174,0.549,0.144,0.063,0.132,0.032,0.552,0.602,7.7,9.1,3.5,6.4,2.9
22024,1610612764,WAS,Washington Wizards,PRRollMan,Offensive,0.103,82,0.074,1.029,0.449,0.108,0.054,0.102,0.025,0.466,0.511,8.4,8.6,3.2,7.2,4.0
22024,1610612741,CHI,Chicago Bulls,PRRollMan,Offensive,0.759,82,0.065,1.139,0.51,0.064,0.052,0.061,0.025,0.499,0.581,7.5,8.5,3.5,6.8,3.3
22024,1610612759,SAS,San Antonio Spurs,PRRollMan,Offensive,0.828,82,0.064,1.148,0.531,0.107,0.075,0.102,0.031,0.519,0.592,7.2,8.2,3.2,6.1,2.9
22024,1610612747,LAL,Los Angeles Lakers,PRRollMan,Offensive,0.862,82,0.065,1.157,0.542,0.106,0.068,0.103,0.037,0.53,0.597,7.0,8.1,3.3,6.0,2.8
22024,1610612766,CHA,Charlotte Hornets,PRRollMan,Offensive,0.172,82,0.067,1.047,0.499,0.134,0.094,0.131,0.036,0.497,0.545,7.5,7.9,3.0,6.1,3.0
22024,1610612756,PHX,Phoenix Suns,PRRollMan,Offensive,0.483,82,0.065,1.107,0.538,0.142,0.1,0.135,0.031,0.527,0.582,7.1,7.8,3.0,5.6,2.6
22024,1610612760,OKC,Oklahoma City Thunder,PRRollMan,Offensive,0.793,82,0.058,1.144,0.51,0.069,0.075,0.065,0.013,0.495,0.604,6.5,7.5,2.9,5.7,2.8
22024,1610612761,TOR,Toronto Raptors,PRRollMan,Offensive,0.655,82,0.058,1.119,0.554,0.092,0.07,0.084,0.02,0.542,0.579,6.7,7.5,3.2,5.7,2.5
22024,1610612748,MIA,Miami Heat,PRRollMan,Offensive,0.276,82,0.063,1.062,0.494,0.094,0.061,0.093,0.018,0.501,0.536,6.8,7.3,2.9,5.9,3.0
22024,1610612738,BOS,Boston Celtics,PRRollMan,Offensive,0.379,82,0.061,1.08,0.457,0.099,0.066,0.097,0.022,0.467,0.545,6.7,7.2,2.6,5.7,3.1
22024,1610612755,PHI,Philadelphia 76ers,PRRollMan,Offensive,0.414,82,0.06,1.083,0.5,0.111,0.091,0.107,0.017,0.491,0.576,6.6,7.1,2.7,5.4,2.7
22024,1610612750,MIN,Minnesota Timberwolves,PRRollMan,Offensive,0.586,82,0.057,1.114,0.508,0.125,0.085,0.124,0.023,0.504,0.582,6.3,7.0,2.6,5.1,2.5
22024,1610612743,DEN,Denver Nuggets,PRRollMan,Offensive,1.0,82,0.052,1.195,0.566,0.149,0.075,0.139,0.023,0.571,0.619,5.9,7.0,2.7,4.7,2.0
22024,1610612740,NOP,New Orleans Pelicans,PRRollMan,Offensive,0.207,82,0.058,1.05,0.5,0.15,0.078,0.143,0.026,0.501,0.545,6.6,6.9,2.6,5.2,2.6
22024,1610612753,ORL,Orlando Magic,PRRollMan,Offensive,0.069,82,0.063,1.005,0.448,0.145,0.072,0.133,0.029,0.477,0.499,6.8,6.8,2.5,5.5,3.0
22024,1610612762,UTA,Utah Jazz,PRRollMan,Offensive,0.138,82,0.056,1.03,0.468,0.112,0.076,0.106,0.042,0.462,0.528,6.4,6.6,2.6,5.5,2.9
22024,1610612758,SAC,Sacramento Kings,PRRollMan,Offensive,0.448,82,0.054,1.085,0.488,0.099,0.059,0.097,0.02,0.498,0.549,6.0,6.5,2.5,5.2,2.7
22024,1610612745,HOU,Houston Rockets,PRRollMan,Offensive,0.034,82,0.056,0.994,0.464,0.113,0.066,0.111,0.021,0.47,0.508,6.5,6.5,2.5,5.5,2.9
22024,1610612757,POR,Portland Trail Blazers,PRRollMan,Offensive,0.517,82,0.049,1.108,0.527,0.09,0.06,0.084,0.028,0.518,0.57,5.7,6.3,2.6,5.0,2.4
22024,1610612746,LAC,LA Clippers,PRRollMan,Offensive,0.31,82,0.052,1.075,0.528,0.092,0.08,0.09,0.019,0.516,0.565,5.7,6.1,2.5,4.8,2.3
22024,1610612765,DET,Detroit Pistons,PRRollMan,Offensive,0.552,82,0.047,1.113,0.53,0.131,0.078,0.124,0.028,0.523,0.579,5.3,5.9,2.3,4.3,2.0
22024,1610612752,NYK,New York Knicks,PRRollMan,Offensive,0.724,82,0.045,1.132,0.523,0.127,0.075,0.122,0.03,0.53,0.572,4.9,5.5,2.1,4.1,1.9
22024,1610612742,DAL,Dallas Mavericks,PRRollMan,Offensive,0.345,82,0.045,1.075,0.517,0.09,0.078,0.088,0.024,0.509,0.564,5.0,5.4,2.2,4.3,2.1
22024,1610612744,GSW,Golden State Warriors,PRRollMan,Offensive,0.241,82,0.041,1.056,0.513,0.085,0.098,0.08,0.024,0.489,0.565,4.6,4.8,2.0,3.9,1.9
22024,1610612763,MEM,Memphis Grizzlies,PRRollMan,Offensive,0.69,82,0.035,1.127,0.526,0.104,0.074,0.101,0.038,0.515,0.584,4.1,4.6,1.9,3.5,1.7
22024,1610612751,BKN,Brooklyn Nets,PRRollMan,Offensive,0.0,82,0.042,0.929,0.452,0.098,0.071,0.093,0.019,0.442,0.491,4.6,4.3,1.8,3.9,2.1
22024,1610612743,DEN,Denver Nuggets,Postup,Offensive,0.724,82,0.071,1.03,0.547,0.144,0.136,0.121,0.035,0.517,0.547,8.1,8.3,3.3,6.1,2.8
22024,1610612749,MIL,Milwaukee Bucks,Postup,Offensive,0.448,82,0.068,0.957,0.514,0.141,0.12,0.123,0.039,0.487,0.514,7.4,7.1,3.0,5.8,2.8
22024,1610612738,BOS,Boston Celtics,Postup,Offensive,0.828,82,0.06,1.05,0.507,0.197,0.093,0.181,0.039,0.533,0.507,6.5,6.9,2.5,4.9,2.4
22024,1610612745,HOU,Houston Rockets,Postup,Offensive,0.931,82,0.053,1.087,0.571,0.171,0.107,0.139,0.034,0.563,0.571,6.1,6.7,2.6,4.6,2.0
22024,1610612758,SAC,Sacramento Kings,Postup,Offensive,0.862,82,0.053,1.066,0.536,0.17,0.1,0.15,0.039,0.535,0.536,6.0,6.3,2.5,4.6,2.1
22024,1610612754,IND,Indiana Pacers,Postup,Offensive,1.0,82,0.048,1.094,0.555,0.172,0.101,0.146,0.039,0.556,0.555,5.3,5.8,2.3,4.1,1.8
22024,1610612746,LAC,LA Clippers,Postup,Offensive,0.793,82,0.048,1.044,0.574,0.116,0.132,0.109,0.03,0.53,0.574,5.3,5.5,2.4,4.1,1.8
22024,1610612747,LAL,Los Angeles Lakers,Postup,Offensive,0.483,82,0.05,0.971,0.482,0.171,0.111,0.147,0.031,0.497,0.482,5.5,5.3,2.0,4.1,2.1
22024,1610612763,MEM,Memphis Grizzlies,Postup,Offensive,0.966,82,0.039,1.089,0.563,0.209,0.118,0.183,0.052,0.547,0.563,4.7,5.1,1.9,3.4,1.5
22024,1610612752,NYK,New York Knicks,Postup,Offensive,0.414,82,0.048,0.956,0.513,0.123,0.135,0.107,0.039,0.476,0.513,5.3,5.0,2.1,4.1,2.0
22024,1610612765,DET,Detroit Pistons,Postup,Offensive,0.759,82,0.039,1.031,0.526,0.125,0.094,0.106,0.011,0.525,0.526,4.4,4.5,1.8,3.5,1.6
22024,1610612748,MIA,Miami Heat,Postup,Offensive,0.172,82,0.039,0.911,0.462,0.152,0.121,0.135,0.032,0.466,0.462,4.2,3.9,1.5,3.2,1.7
22024,1610612753,ORL,Orlando Magic,Postup,Offensive,0.517,82,0.036,0.978,0.476,0.205,0.112,0.165,0.022,0.503,0.476,3.9,3.8,1.3,2.8,1.5
22024,1610612750,MIN,Minnesota Timberwolves,Postup,Offensive,0.69,82,0.033,1.013,0.507,0.169,0.113,0.166,0.033,0.513,0.507,3.7,3.7,1.4,2.8,1.4
22024,1610612755,PHI,Philadelphia 76ers,Postup,Offensive,0.379,82,0.033,0.953,0.507,0.137,0.154,0.12,0.037,0.475,0.507,3.6,3.5,1.4,2.7,1.3
22024,1610612742,DAL,Dallas Mavericks,Postup,Offensive,0.621,82,0.031,1.004,0.484,0.191,0.106,0.177,0.049,0.502,0.484,3.5,3.5,1.3,2.6,1.3
22024,1610612741,CHI,Chicago Bulls,Postup,Offensive,0.207,82,0.032,0.926,0.496,0.094,0.138,0.088,0.02,0.461,0.496,3.6,3.4,1.4,2.9,1.4
22024,1610612761,TOR,Toronto Raptors,Postup,Offensive,0.31,82,0.03,0.94,0.5,0.152,0.138,0.138,0.018,0.481,0.5,3.5,3.2,1.3,2.5,1.3
22024,1610612759,SAS,San Antonio Spurs,Postup,Offensive,0.655,82,0.029,1.004,0.552,0.144,0.155,0.121,0.027,0.515,0.552,3.2,3.2,1.3,2.3,1.0
22024,1610612756,PHX,Phoenix Suns,Postup,Offensive,0.552,82,0.026,0.987,0.466,0.215,0.103,0.193,0.064,0.494,0.466,2.8,2.8,1.0,2.1,1.1
22024,1610612764,WAS,Washington Wizards,Postup,Offensive,0.345,82,0.026,0.942,0.488,0.146,0.158,0.129,0.013,0.479,0.488,2.9,2.8,1.0,2.1,1.1
22024,1610612744,GSW,Golden State Warriors,Postup,Offensive,0.276,82,0.023,0.939,0.497,0.225,0.15,0.188,0.047,0.484,0.497,2.6,2.4,0.9,1.7,0.9
22024,1610612766,CHA,Charlotte Hornets,Postup,Offensive,0.586,82,0.02,1.0,0.482,0.187,0.104,0.148,0.044,0.495,0.482,2.2,2.2,0.8,1.7,0.9
22024,1610612740,NOP,New Orleans Pelicans,Postup,Offensive,0.103,82,0.02,0.899,0.482,0.169,0.143,0.153,0.048,0.46,0.482,2.3,2.1,0.8,1.7,0.9
22024,1610612751,BKN,Brooklyn Nets,Postup,Offensive,0.069,82,0.02,0.891,0.432,0.175,0.115,0.164,0.049,0.443,0.432,2.2,2.0,0.7,1.7,1.0
22024,1610612739,CLE,Cleveland Cavaliers,Postup,Offensive,0.897,82,0.016,1.066,0.558,0.191,0.105,0.151,0.039,0.546,0.558,1.9,2.0,0.8,1.4,0.6
22024,1610612762,UTA,Utah Jazz,Postup,Offensive,0.034,82,0.017,0.888,0.443,0.2,0.125,0.169,0.044,0.456,0.443,2.0,1.7,0.6,1.4,0.8
22024,1610612757,POR,Portland Trail Blazers,Postup,Offensive,0.0,82,0.016,0.885,0.427,0.176,0.149,0.128,0.02,0.446,0.427,1.8,1.6,0.5,1.3,0.7
22024,1610612737,ATL,Atlanta Hawks,Postup,Offensive,0.241,82,0.014,0.934,0.465,0.175,0.146,0.153,0.044,0.467,0.465,1.7,1.6,0.6,1.2,0.6
22024,1610612760,OKC,Oklahoma City Thunder,Postup,Offensive,0.138,82,0.015,0.91,0.467,0.127,0.127,0.112,0.037,0.455,0.467,1.6,1.5,0.6,1.3,0.7
22024,1610612756,PHX,Phoenix Suns,Spotup,Offensive,0.862,82,0.285,1.099,0.415,0.035,0.05,0.032,0.009,0.409,0.567,31.0,34.0,11.9,28.6,16.7
22024,1610612763,MEM,Memphis Grizzlies,Spotup,Offensive,0.345,82,0.28,1.023,0.406,0.072,0.077,0.064,0.016,0.404,0.531,33.0,33.8,11.6,28.6,17.0
22024,1610612759,SAS,San Antonio Spurs,Spotup,Offensive,0.483,82,0.265,1.042,0.389,0.05,0.051,0.048,0.01,0.392,0.53,29.7,30.9,10.5,27.0,16.5
22024,1610612750,MIN,Minnesota Timberwolves,Spotup,Offensive,0.759,82,0.256,1.081,0.419,0.044,0.055,0.041,0.01,0.413,0.56,28.4,30.7,10.8,25.8,15.0
22024,1610612738,BOS,Boston Celtics,Spotup,Offensive,1.0,82,0.242,1.147,0.419,0.032,0.039,0.029,0.007,0.417,0.586,26.6,30.5,10.4,24.9,14.4
22024,1610612751,BKN,Brooklyn Nets,Spotup,Offensive,0.207,82,0.271,1.015,0.375,0.051,0.045,0.045,0.008,0.381,0.515,29.5,30.0,10.1,26.9,16.8
22024,1610612741,CHI,Chicago Bulls,Spotup,Offensive,0.172,82,0.258,1.01,0.387,0.038,0.065,0.035,0.007,0.379,0.529,29.5,29.8,10.3,26.7,16.4
22024,1610612760,OKC,Oklahoma City Thunder,Spotup,Offensive,0.69,82,0.244,1.08,0.402,0.03,0.042,0.028,0.005,0.398,0.555,27.4,29.6,10.3,25.6,15.3
22024,1610612748,MIA,Miami Heat,Spotup,Offensive,0.724,82,0.244,1.081,0.399,0.045,0.042,0.042,0.008,0.403,0.55,26.4,28.6,9.7,24.4,14.6
22024,1610612752,NYK,New York Knicks,Spotup,Offensive,0.655,82,0.239,1.076,0.411,0.053,0.05,0.051,0.01,0.415,0.547,26.3,28.3,9.8,23.9,14.1
22024,1610612744,GSW,Golden State Warriors,Spotup,Offensive,0.621,82,0.233,1.075,0.393,0.044,0.039,0.041,0.006,0.398,0.544,26.4,28.3,9.6,24.3,14.8
22024,1610612757,POR,Portland Trail Blazers,Spotup,Offensive,0.138,82,0.242,1.007,0.387,0.041,0.062,0.038,0.008,0.38,0.523,27.8,28.0,9.7,25.2,15.4
22024,1610612755,PHI,Philadelphia 76ers,Spotup,Offensive,0.552,82,0.238,1.043,0.397,0.053,0.043,0.049,0.012,0.403,0.53,26.1,27.3,9.5,23.9,14.4
22024,1610612739,CLE,Cleveland Cavaliers,Spotup,Offensive,0.793,82,0.222,1.089,0.417,0.031,0.059,0.029,0.006,0.404,0.571,25.0,27.2,9.5,22.9,13.3
22024,1610612758,SAC,Sacramento Kings,Spotup,Offensive,0.517,82,0.23,1.042,0.398,0.041,0.045,0.04,0.006,0.399,0.533,25.8,26.8,9.4,23.7,14.3
22024,1610612754,IND,Indiana Pacers,Spotup,Offensive,0.448,82,0.228,1.039,0.404,0.052,0.054,0.047,0.013,0.404,0.533,25.3,26.3,9.3,22.9,13.7
22024,1610612747,LAL,Los Angeles Lakers,Spotup,Offensive,0.966,82,0.217,1.118,0.413,0.045,0.037,0.041,0.009,0.416,0.566,23.5,26.3,9.0,21.8,12.8
22024,1610612749,MIL,Milwaukee Bucks,Spotup,Offensive,0.897,82,0.218,1.107,0.409,0.038,0.041,0.037,0.009,0.408,0.565,23.7,26.3,9.0,22.0,13.0
22024,1610612737,ATL,Atlanta Hawks,Spotup,Offensive,0.414,82,0.216,1.038,0.397,0.046,0.06,0.041,0.01,0.393,0.538,25.2,26.1,9.0,22.7,13.7
22024,1610612742,DAL,Dallas Mavericks,Spotup,Offensive,0.379,82,0.226,1.037,0.408,0.053,0.062,0.05,0.01,0.407,0.537,25.0,26.0,9.1,22.4,13.3
22024,1610612740,NOP,New Orleans Pelicans,Spotup,Offensive,0.31,82,0.224,1.022,0.398,0.049,0.044,0.045,0.014,0.4,0.518,25.3,25.9,9.3,23.3,14.0
22024,1610612761,TOR,Toronto Raptors,Spotup,Offensive,0.241,82,0.212,1.021,0.382,0.039,0.046,0.038,0.008,0.382,0.524,24.3,24.8,8.6,22.4,13.9
22024,1610612762,UTA,Utah Jazz,Spotup,Offensive,0.276,82,0.208,1.021,0.388,0.055,0.058,0.051,0.014,0.389,0.525,23.9,24.4,8.3,21.5,13.2
22024,1610612746,LAC,LA Clippers,Spotup,Offensive,0.931,82,0.199,1.114,0.42,0.044,0.039,0.041,0.008,0.423,0.567,21.7,24.2,8.5,20.1,11.7
22024,1610612745,HOU,Houston Rockets,Spotup,Offensive,0.034,82,0.211,0.982,0.367,0.037,0.046,0.035,0.007,0.368,0.503,24.6,24.1,8.3,22.7,14.4
22024,1610612753,ORL,Orlando Magic,Spotup,Offensive,0.069,82,0.222,0.992,0.363,0.034,0.035,0.032,0.009,0.366,0.501,24.2,24.0,8.3,22.7,14.5
22024,1610612766,CHA,Charlotte Hornets,Spotup,Offensive,0.103,82,0.211,1.004,0.382,0.039,0.055,0.035,0.008,0.378,0.518,23.7,23.8,8.3,21.7,13.4
22024,1610612764,WAS,Washington Wizards,Spotup,Offensive,0.0,82,0.213,0.949,0.36,0.04,0.06,0.039,0.008,0.355,0.493,24.2,23.0,7.9,22.0,14.1
22024,1610612765,DET,Detroit Pistons,Spotup,Offensive,0.586,82,0.185,1.064,0.402,0.042,0.046,0.039,0.009,0.4,0.544,21.0,22.3,7.8,19.3,11.6
22024,1610612743,DEN,Denver Nuggets,Spotup,Offensive,0.828,82,0.179,1.093,0.405,0.045,0.042,0.041,0.007,0.41,0.555,20.3,22.1,7.6,18.6,11.1
22024,1610612758,SAC,Sacramento Kings,Handoff,Offensive,0.552,82,0.077,0.956,0.424,0.083,0.09,0.075,0.013,0.425,0.492,8.6,8.3,3.1,7.2,4.2
22024,1610612751,BKN,Brooklyn Nets,Handoff,Offensive,0.276,82,0.081,0.894,0.405,0.088,0.148,0.081,0.017,0.387,0.479,8.8,7.9,2.8,6.9,4.1
22024,1610612765,DET,Detroit Pistons,Handoff,Offensive,0.828,82,0.068,0.995,0.44,0.101,0.09,0.095,0.024,0.441,0.517,7.7,7.7,2.8,6.4,3.6
22024,1610612762,UTA,Utah Jazz,Handoff,Offensive,0.862,82,0.062,1.002,0.437,0.109,0.153,0.098,0.031,0.414,0.536,7.1,7.1,2.4,5.4,3.1
22024,1610612749,MIL,Milwaukee Bucks,Handoff,Offensive,1.0,82,0.058,1.056,0.427,0.1,0.083,0.09,0.025,0.433,0.531,6.3,6.7,2.3,5.3,3.1
22024,1610612743,DEN,Denver Nuggets,Handoff,Offensive,0.517,82,0.062,0.948,0.4,0.085,0.071,0.079,0.014,0.411,0.475,7.1,6.7,2.4,6.1,3.6
22024,1610612748,MIA,Miami Heat,Handoff,Offensive,0.966,82,0.055,1.033,0.437,0.061,0.092,0.055,0.01,0.424,0.537,6.0,6.2,2.2,5.1,2.9
22024,1610612764,WAS,Washington Wizards,Handoff,Offensive,0.138,82,0.058,0.873,0.36,0.081,0.098,0.076,0.022,0.363,0.445,6.6,5.8,2.0,5.6,3.6
22024,1610612737,ATL,Atlanta Hawks,Handoff,Offensive,0.414,82,0.054,0.918,0.403,0.096,0.125,0.088,0.027,0.392,0.478,6.3,5.7,2.0,5.0,3.0
22024,1610612740,NOP,New Orleans Pelicans,Handoff,Offensive,0.103,82,0.056,0.872,0.369,0.094,0.088,0.084,0.013,0.383,0.438,6.4,5.5,2.0,5.3,3.3
22024,1610612761,TOR,Toronto Raptors,Handoff,Offensive,0.069,82,0.057,0.831,0.365,0.085,0.111,0.081,0.013,0.361,0.437,6.6,5.5,2.0,5.4,3.4
22024,1610612742,DAL,Dallas Mavericks,Handoff,Offensive,0.793,82,0.049,0.993,0.454,0.077,0.113,0.072,0.018,0.432,0.533,5.4,5.4,2.0,4.5,2.5
22024,1610612744,GSW,Golden State Warriors,Handoff,Offensive,0.241,82,0.052,0.893,0.382,0.079,0.121,0.067,0.017,0.368,0.474,5.8,5.2,1.8,4.8,2.9
22024,1610612757,POR,Portland Trail Blazers,Handoff,Offensive,0.621,82,0.047,0.959,0.418,0.138,0.126,0.129,0.025,0.429,0.491,5.4,5.2,1.7,4.1,2.4
22024,1610612739,CLE,Cleveland Cavaliers,Handoff,Offensive,0.69,82,0.046,0.981,0.425,0.084,0.117,0.07,0.012,0.41,0.52,5.2,5.1,1.8,4.2,2.4
22024,1610612766,CHA,Charlotte Hornets,Handoff,Offensive,0.0,82,0.056,0.815,0.342,0.058,0.093,0.054,0.006,0.34,0.421,6.3,5.1,1.8,5.4,3.5
22024,1610612759,SAS,San Antonio Spurs,Handoff,Offensive,0.345,82,0.048,0.905,0.429,0.102,0.12,0.1,0.025,0.417,0.477,5.4,4.9,1.9,4.3,2.5
22024,1610612750,MIN,Minnesota Timberwolves,Handoff,Offensive,0.655,82,0.045,0.961,0.39,0.107,0.083,0.1,0.024,0.4,0.48,5.0,4.8,1.6,4.2,2.6
22024,1610612746,LAC,LA Clippers,Handoff,Offensive,0.759,82,0.043,0.99,0.437,0.116,0.1,0.111,0.01,0.452,0.502,4.7,4.7,1.6,3.8,2.1
22024,1610612745,HOU,Houston Rockets,Handoff,Offensive,0.31,82,0.045,0.904,0.388,0.073,0.096,0.071,0.019,0.381,0.467,5.2,4.7,1.7,4.4,2.7
22024,1610612760,OKC,Oklahoma City Thunder,Handoff,Offensive,0.724,82,0.042,0.987,0.447,0.049,0.088,0.049,0.016,0.426,0.521,4.7,4.6,1.8,4.1,2.3
22024,1610612752,NYK,New York Knicks,Handoff,Offensive,0.448,82,0.045,0.927,0.408,0.068,0.083,0.059,0.02,0.401,0.475,5.0,4.6,1.8,4.3,2.6
22024,1610612754,IND,Indiana Pacers,Handoff,Offensive,0.931,82,0.039,1.014,0.481,0.076,0.11,0.073,0.017,0.454,0.553,4.3,4.4,1.7,3.6,1.9
22024,1610612755,PHI,Philadelphia 76ers,Handoff,Offensive,0.172,82,0.042,0.883,0.389,0.091,0.101,0.08,0.021,0.389,0.452,4.6,4.0,1.5,3.8,2.3
22024,1610612747,LAL,Los Angeles Lakers,Handoff,Offensive,0.207,82,0.039,0.885,0.352,0.095,0.083,0.089,0.017,0.372,0.433,4.3,3.8,1.3,3.6,2.3
22024,1610612753,ORL,Orlando Magic,Handoff,Offensive,0.034,82,0.04,0.828,0.386,0.064,0.114,0.064,0.019,0.367,0.441,4.4,3.6,1.4,3.7,2.3
22024,1610612738,BOS,Boston Celtics,Handoff,Offensive,0.897,82,0.029,1.004,0.407,0.065,0.087,0.061,0.011,0.403,0.529,3.2,3.2,1.1,2.8,1.6
22024,1610612756,PHX,Phoenix Suns,Handoff,Offensive,0.483,82,0.032,0.929,0.454,0.088,0.163,0.081,0.021,0.417,0.509,3.5,3.2,1.2,2.7,1.5
22024,1610612741,CHI,Chicago Bulls,Handoff,Offensive,0.379,82,0.03,0.91,0.412,0.108,0.133,0.094,0.018,0.403,0.481,3.4,3.1,1.1,2.6,1.5
22024,1610612763,MEM,Memphis Grizzlies,Handoff,Offensive,0.586,82,0.02,0.959,0.429,0.051,0.097,0.046,0.005,0.408,0.518,2.4,2.3,0.9,2.0,1.2
22024,1610612743,DEN,Denver Nuggets,Cut,Offensive,0.931,82,0.1,1.38,0.71,0.149,0.048,0.144,0.039,0.702,0.71,11.4,15.7,6.8,9.6,2.8
22024,1610612744,GSW,Golden State Warriors,Cut,Offensive,0.31,82,0.101,1.271,0.638,0.16,0.052,0.158,0.044,0.634,0.638,11.4,14.5,6.1,9.5,3.4
22024,1610612739,CLE,Cleveland Cavaliers,Cut,Offensive,1.0,82,0.08,1.427,0.734,0.145,0.05,0.141,0.036,0.717,0.734,9.1,12.9,5.6,7.6,2.0
22024,1610612737,ATL,Atlanta Hawks,Cut,Offensive,0.379,82,0.086,1.276,0.658,0.131,0.049,0.127,0.032,0.646,0.658,10.0,12.7,5.6,8.5,2.9
22024,1610612761,TOR,Toronto Raptors,Cut,Offensive,0.034,82,0.093,1.166,0.592,0.134,0.065,0.131,0.029,0.591,0.592,10.7,12.4,5.2,8.9,3.6
22024,1610612760,OKC,Oklahoma City Thunder,Cut,Offensive,0.759,82,0.077,1.34,0.671,0.14,0.047,0.139,0.034,0.671,0.671,8.6,11.5,4.9,7.3,2.4
22024,1610612753,ORL,Orlando Magic,Cut,Offensive,0.517,82,0.077,1.305,0.662,0.168,0.061,0.165,0.049,0.659,0.662,8.4,11.0,4.6,6.9,2.3
22024,1610612752,NYK,New York Knicks,Cut,Offensive,0.414,82,0.076,1.293,0.671,0.095,0.054,0.095,0.023,0.65,0.671,8.3,10.8,4.9,7.3,2.4
22024,1610612742,DAL,Dallas Mavericks,Cut,Offensive,0.793,82,0.071,1.347,0.71,0.166,0.062,0.16,0.028,0.698,0.71,7.8,10.6,4.5,6.3,1.8
22024,1610612747,LAL,Los Angeles Lakers,Cut,Offensive,0.828,82,0.07,1.35,0.7,0.155,0.05,0.149,0.037,0.69,0.7,7.6,10.3,4.4,6.3,1.9
22024,1610612763,MEM,Memphis Grizzlies,Cut,Offensive,0.345,82,0.068,1.272,0.639,0.124,0.05,0.123,0.042,0.632,0.639,8.1,10.3,4.5,7.0,2.5
22024,1610612762,UTA,Utah Jazz,Cut,Offensive,0.552,82,0.068,1.31,0.659,0.187,0.057,0.176,0.055,0.654,0.659,7.8,10.2,4.1,6.3,2.1
22024,1610612746,LAC,LA Clippers,Cut,Offensive,0.862,82,0.066,1.358,0.684,0.109,0.027,0.106,0.036,0.681,0.684,7.2,9.7,4.4,6.4,2.0
22024,1610612748,MIA,Miami Heat,Cut,Offensive,0.276,82,0.07,1.264,0.645,0.118,0.054,0.115,0.029,0.637,0.645,7.6,9.6,4.2,6.5,2.3
22024,1610612745,HOU,Houston Rockets,Cut,Offensive,0.207,82,0.065,1.252,0.639,0.127,0.042,0.125,0.029,0.638,0.639,7.6,9.5,4.2,6.5,2.4
22024,1610612758,SAC,Sacramento Kings,Cut,Offensive,0.448,82,0.065,1.298,0.662,0.159,0.066,0.157,0.047,0.653,0.662,7.2,9.4,3.9,6.0,2.0
22024,1610612765,DET,Detroit Pistons,Cut,Offensive,0.724,82,0.062,1.339,0.701,0.176,0.054,0.171,0.037,0.691,0.701,7.0,9.4,4.0,5.6,1.7
22024,1610612756,PHX,Phoenix Suns,Cut,Offensive,0.138,82,0.068,1.228,0.637,0.121,0.064,0.115,0.02,0.621,0.637,7.4,9.1,4.0,6.2,2.3
22024,1610612740,NOP,New Orleans Pelicans,Cut,Offensive,0.069,82,0.067,1.176,0.606,0.139,0.074,0.138,0.038,0.595,0.606,7.6,9.0,3.8,6.3,2.5
22024,1610612754,IND,Indiana Pacers,Cut,Offensive,0.655,82,0.06,1.335,0.678,0.159,0.042,0.156,0.038,0.678,0.678,6.7,8.9,3.8,5.6,1.8
22024,1610612764,WAS,Washington Wizards,Cut,Offensive,0.172,82,0.063,1.243,0.634,0.137,0.065,0.132,0.032,0.624,0.634,7.1,8.9,3.8,5.9,2.2
22024,1610612738,BOS,Boston Celtics,Cut,Offensive,0.897,82,0.059,1.364,0.699,0.132,0.043,0.13,0.015,0.696,0.699,6.5,8.8,3.8,5.4,1.6
22024,1610612766,CHA,Charlotte Hornets,Cut,Offensive,0.241,82,0.062,1.255,0.656,0.169,0.082,0.162,0.049,0.632,0.656,7.0,8.8,3.7,5.6,1.9
22024,1610612759,SAS,San Antonio Spurs,Cut,Offensive,0.483,82,0.06,1.301,0.666,0.139,0.056,0.138,0.042,0.652,0.666,6.7,8.8,3.8,5.7,1.9
22024,1610612749,MIL,Milwaukee Bucks,Cut,Offensive,0.621,82,0.06,1.333,0.683,0.145,0.058,0.134,0.03,0.677,0.683,6.6,8.7,3.7,5.4,1.7
22024,1610612750,MIN,Minnesota Timberwolves,Cut,Offensive,0.69,82,0.059,1.338,0.686,0.141,0.049,0.137,0.034,0.677,0.686,6.5,8.7,3.8,5.5,1.7
22024,1610612741,CHI,Chicago Bulls,Cut,Offensive,0.966,82,0.054,1.389,0.702,0.138,0.047,0.134,0.041,0.694,0.702,6.2,8.6,3.7,5.3,1.6
22024,1610612751,BKN,Brooklyn Nets,Cut,Offensive,0.103,82,0.064,1.218,0.627,0.102,0.049,0.1,0.026,0.616,0.627,7.0,8.5,3.8,6.1,2.3
22024,1610612755,PHI,Philadelphia 76ers,Cut,Offensive,0.586,82,0.051,1.326,0.661,0.182,0.05,0.168,0.046,0.661,0.661,5.6,7.4,3.0,4.5,1.5
22024,1610612757,POR,Portland Trail Blazers,Cut,Offensive,0.0,82,0.051,1.144,0.606,0.132,0.097,0.128,0.035,0.579,0.606,5.9,6.8,2.9,4.8,1.9
22024,1610612744,GSW,Golden State Warriors,OffScreen,Offensive,0.793,82,0.077,1.052,0.387,0.058,0.061,0.052,0.013,0.39,0.535,8.7,9.1,3.0,7.7,4.7
22024,1610612762,UTA,Utah Jazz,OffScreen,Offensive,0.552,82,0.065,0.982,0.385,0.061,0.067,0.054,0.015,0.386,0.499,7.4,7.3,2.5,6.6,4.0
22024,1610612756,PHX,Phoenix Suns,OffScreen,Offensive,0.966,82,0.054,1.121,0.476,0.094,0.077,0.081,0.013,0.478,0.572,5.8,6.5,2.3,4.9,2.6
22024,1610612750,MIN,Minnesota Timberwolves,OffScreen,Offensive,0.643,82,0.049,1.0,0.416,0.104,0.117,0.102,0.029,0.411,0.525,5.4,5.4,1.8,4.4,2.5
22024,1610612765,DET,Detroit Pistons,OffScreen,Offensive,0.724,82,0.046,1.021,0.384,0.047,0.049,0.044,0.016,0.379,0.521,5.2,5.4,1.9,4.8,3.0
22024,1610612743,DEN,Denver Nuggets,OffScreen,Offensive,0.276,82,0.047,0.952,0.398,0.05,0.073,0.039,0.011,0.388,0.496,5.3,5.1,1.9,4.7,2.9
22024,1610612738,BOS,Boston Celtics,OffScreen,Offensive,0.897,82,0.04,1.106,0.434,0.045,0.058,0.042,0.008,0.426,0.571,4.4,4.8,1.7,4.0,2.2
22024,1610612761,TOR,Toronto Raptors,OffScreen,Offensive,0.448,82,0.041,0.962,0.407,0.069,0.085,0.067,0.023,0.4,0.499,4.8,4.6,1.7,4.1,2.5
22024,1610612748,MIA,Miami Heat,OffScreen,Offensive,0.69,82,0.041,1.008,0.399,0.083,0.061,0.074,0.006,0.421,0.49,4.4,4.5,1.5,3.8,2.3
22024,1610612740,NOP,New Orleans Pelicans,OffScreen,Offensive,0.207,82,0.042,0.918,0.378,0.052,0.067,0.044,0.005,0.379,0.471,4.7,4.3,1.6,4.2,2.6
22024,1610612766,CHA,Charlotte Hornets,OffScreen,Offensive,0.034,82,0.042,0.873,0.352,0.062,0.096,0.057,0.016,0.349,0.452,4.7,4.1,1.4,4.0,2.6
22024,1610612747,LAL,Los Angeles Lakers,OffScreen,Offensive,0.828,82,0.035,1.074,0.414,0.09,0.048,0.08,0.013,0.433,0.531,3.8,4.1,1.4,3.3,2.0
22024,1610612764,WAS,Washington Wizards,OffScreen,Offensive,0.414,82,0.038,0.957,0.402,0.077,0.094,0.06,0.017,0.4,0.49,4.3,4.1,1.5,3.6,2.2
22024,1610612752,NYK,New York Knicks,OffScreen,Offensive,0.483,82,0.038,0.962,0.418,0.07,0.07,0.07,0.029,0.409,0.495,4.2,4.0,1.5,3.7,2.2
22024,1610612751,BKN,Brooklyn Nets,OffScreen,Offensive,0.643,82,0.034,1.0,0.376,0.07,0.046,0.063,0.013,0.394,0.494,3.7,3.7,1.2,3.3,2.1
22024,1610612742,DAL,Dallas Mavericks,OffScreen,Offensive,0.241,82,0.033,0.947,0.386,0.08,0.083,0.073,0.023,0.382,0.481,3.7,3.5,1.2,3.2,1.9
22024,1610612759,SAS,San Antonio Spurs,OffScreen,Offensive,0.759,82,0.03,1.022,0.428,0.074,0.092,0.07,0.007,0.426,0.535,3.3,3.4,1.2,2.8,1.6
22024,1610612763,MEM,Memphis Grizzlies,OffScreen,Offensive,0.862,82,0.026,1.097,0.488,0.089,0.097,0.081,0.028,0.468,0.579,3.0,3.3,1.2,2.5,1.3
22024,1610612739,CLE,Cleveland Cavaliers,OffScreen,Offensive,0.345,82,0.03,0.956,0.387,0.066,0.088,0.055,0.011,0.383,0.496,3.3,3.2,1.1,2.9,1.8
22024,1610612757,POR,Portland Trail Blazers,OffScreen,Offensive,0.069,82,0.031,0.875,0.377,0.088,0.098,0.085,0.024,0.369,0.466,3.6,3.1,1.1,3.0,1.9
22024,1610612760,OKC,Oklahoma City Thunder,OffScreen,Offensive,0.517,82,0.027,0.972,0.407,0.043,0.079,0.04,0.016,0.391,0.507,3.1,3.0,1.1,2.8,1.6
22024,1610612755,PHI,Philadelphia 76ers,OffScreen,Offensive,0.138,82,0.03,0.895,0.381,0.04,0.095,0.04,0.004,0.367,0.473,3.4,3.0,1.1,2.9,1.8
22024,1610612737,ATL,Atlanta Hawks,OffScreen,Offensive,0.103,82,0.029,0.878,0.367,0.09,0.1,0.068,0.011,0.38,0.439,3.4,3.0,1.0,2.8,1.8
22024,1610612758,SAC,Sacramento Kings,OffScreen,Offensive,0.931,82,0.024,1.12,0.436,0.065,0.032,0.065,0.028,0.442,0.55,2.6,3.0,1.1,2.5,1.4
22024,1610612754,IND,Indiana Pacers,OffScreen,Offensive,1.0,82,0.022,1.193,0.46,0.099,0.054,0.094,0.025,0.47,0.602,2.5,2.9,1.0,2.1,1.2
22024,1610612746,LAC,LA Clippers,OffScreen,Offensive,0.31,82,0.028,0.952,0.416,0.103,0.083,0.095,0.016,0.429,0.476,3.1,2.9,1.1,2.5,1.5
22024,1610612753,ORL,Orlando Magic,OffScreen,Offensive,0.0,82,0.032,0.776,0.339,0.031,0.1,0.031,0.007,0.321,0.415,3.5,2.7,1.0,3.1,2.0
22024,1610612741,CHI,Chicago Bulls,OffScreen,Offensive,0.172,82,0.025,0.903,0.362,0.055,0.084,0.055,0.008,0.361,0.469,2.9,2.6,0.9,2.5,1.6
22024,1610612745,HOU,Houston Rockets,OffScreen,Offensive,0.379,82,0.022,0.957,0.383,0.039,0.068,0.039,0.014,0.372,0.5,2.5,2.4,0.9,2.3,1.4
22024,1610612749,MIL,Milwaukee Bucks,OffScreen,Offensive,0.586,82,0.021,0.984,0.377,0.032,0.043,0.032,0.011,0.374,0.506,2.3,2.2,0.8,2.1,1.3
22024,1610612745,HOU,Houston Rockets,OffRebound,Offensive,0.276,82,0.072,1.063,0.554,0.128,0.079,0.121,0.022,0.546,0.556,8.4,8.9,3.8,6.8,3.0
22024,1610612757,POR,Portland Trail Blazers,OffRebound,Offensive,0.586,82,0.066,1.106,0.583,0.121,0.084,0.117,0.029,0.564,0.588,7.6,8.4,3.6,6.3,2.6
22024,1610612743,DEN,Denver Nuggets,OffRebound,Offensive,0.828,82,0.062,1.134,0.578,0.134,0.054,0.131,0.03,0.58,0.58,7.0,7.9,3.4,5.9,2.5
22024,1610612765,DET,Detroit Pistons,OffRebound,Offensive,0.724,82,0.06,1.123,0.56,0.103,0.064,0.098,0.023,0.554,0.569,6.8,7.7,3.3,5.9,2.6
22024,1610612762,UTA,Utah Jazz,OffRebound,Offensive,0.517,82,0.061,1.092,0.576,0.123,0.102,0.116,0.038,0.539,0.578,7.0,7.7,3.3,5.7,2.4
22024,1610612740,NOP,New Orleans Pelicans,OffRebound,Offensive,0.621,82,0.061,1.11,0.554,0.163,0.069,0.156,0.032,0.569,0.56,6.9,7.6,3.0,5.5,2.5
22024,1610612763,MEM,Memphis Grizzlies,OffRebound,Offensive,0.793,82,0.057,1.129,0.574,0.128,0.082,0.118,0.026,0.565,0.581,6.7,7.6,3.1,5.5,2.3
22024,1610612750,MIN,Minnesota Timberwolves,OffRebound,Offensive,0.897,82,0.058,1.158,0.572,0.187,0.06,0.172,0.036,0.585,0.577,6.5,7.5,2.9,5.1,2.2
22024,1610612761,TOR,Toronto Raptors,OffRebound,Offensive,0.241,82,0.061,1.057,0.537,0.109,0.078,0.106,0.014,0.537,0.543,7.0,7.4,3.1,5.8,2.7
22024,1610612752,NYK,New York Knicks,OffRebound,Offensive,0.862,82,0.056,1.135,0.602,0.113,0.111,0.109,0.024,0.571,0.606,6.1,7.0,3.0,4.9,2.0
22024,1610612737,ATL,Atlanta Hawks,OffRebound,Offensive,0.036,82,0.058,1.014,0.514,0.109,0.074,0.094,0.022,0.509,0.519,6.7,6.8,2.9,5.6,2.7
22024,1610612758,SAC,Sacramento Kings,OffRebound,Offensive,0.931,82,0.052,1.163,0.583,0.125,0.077,0.109,0.038,0.57,0.593,5.8,6.8,2.8,4.9,2.0
22024,1610612764,WAS,Washington Wizards,OffRebound,Offensive,0.172,82,0.056,1.049,0.545,0.101,0.087,0.093,0.023,0.52,0.553,6.4,6.7,2.9,5.4,2.4
22024,1610612766,CHA,Charlotte Hornets,OffRebound,Offensive,0.414,82,0.053,1.089,0.556,0.118,0.089,0.11,0.037,0.535,0.564,6.0,6.5,2.8,5.0,2.2
22024,1610612753,ORL,Orlando Magic,OffRebound,Offensive,0.448,82,0.055,1.09,0.571,0.151,0.088,0.139,0.024,0.559,0.577,6.0,6.5,2.7,4.7,2.0
22024,1610612751,BKN,Brooklyn Nets,OffRebound,Offensive,0.31,82,0.055,1.075,0.538,0.116,0.069,0.11,0.016,0.541,0.544,6.0,6.5,2.7,5.0,2.3
22024,1610612746,LAC,LA Clippers,OffRebound,Offensive,0.379,82,0.054,1.087,0.554,0.093,0.073,0.089,0.027,0.539,0.56,5.9,6.4,2.8,5.1,2.3
22024,1610612755,PHI,Philadelphia 76ers,OffRebound,Offensive,0.138,82,0.055,1.04,0.539,0.123,0.091,0.117,0.022,0.532,0.544,6.0,6.3,2.6,4.9,2.2
22024,1610612759,SAS,San Antonio Spurs,OffRebound,Offensive,0.207,82,0.05,1.054,0.543,0.106,0.085,0.1,0.026,0.527,0.551,5.6,5.9,2.5,4.7,2.1
22024,1610612742,DAL,Dallas Mavericks,OffRebound,Offensive,0.966,82,0.043,1.223,0.647,0.134,0.089,0.134,0.033,0.613,0.656,4.8,5.9,2.5,3.9,1.4
22024,1610612744,GSW,Golden State Warriors,OffRebound,Offensive,0.0,82,0.053,0.955,0.488,0.107,0.081,0.099,0.026,0.482,0.494,6.0,5.8,2.5,5.0,2.6
22024,1610612749,MIL,Milwaukee Bucks,OffRebound,Offensive,1.0,82,0.04,1.223,0.621,0.128,0.067,0.123,0.036,0.601,0.638,4.4,5.3,2.3,3.7,1.4
22024,1610612741,CHI,Chicago Bulls,OffRebound,Offensive,0.345,82,0.043,1.081,0.542,0.099,0.067,0.086,0.022,0.541,0.546,4.9,5.3,2.3,4.2,1.9
22024,1610612747,LAL,Los Angeles Lakers,OffRebound,Offensive,0.69,82,0.044,1.121,0.568,0.108,0.067,0.095,0.023,0.567,0.576,4.7,5.3,2.3,4.0,1.7
22024,1610612739,CLE,Cleveland Cavaliers,OffRebound,Offensive,0.552,82,0.043,1.096,0.58,0.134,0.103,0.123,0.028,0.554,0.584,4.8,5.3,2.2,3.8,1.6
22024,1610612754,IND,Indiana Pacers,OffRebound,Offensive,0.483,82,0.044,1.09,0.55,0.12,0.08,0.118,0.025,0.541,0.559,4.9,5.3,2.2,4.0,1.8
22024,1610612748,MIA,Miami Heat,OffRebound,Offensive,0.103,82,0.047,1.024,0.516,0.131,0.069,0.126,0.019,0.53,0.519,5.1,5.2,2.2,4.2,2.0
22024,1610612738,BOS,Boston Celtics,OffRebound,Offensive,0.036,82,0.046,1.014,0.519,0.104,0.097,0.097,0.024,0.505,0.525,5.0,5.1,2.2,4.2,2.0
22024,1610612760,OKC,Oklahoma City Thunder,OffRebound,Offensive,0.655,82,0.036,1.114,0.583,0.087,0.093,0.078,0.015,0.556,0.595,4.1,4.5,2.0,3.4,1.4
22024,1610612756,PHX,Phoenix Suns,OffRebound,Offensive,0.759,82,0.037,1.125,0.6,0.112,0.097,0.109,0.015,0.578,0.602,4.0,4.5,1.9,3.2,1.3
22024,1610612754,IND,Indiana Pacers,Misc,Offensive,0.966,82,0.055,0.585,0.458,0.198,0.531,0.024,0.012,0.305,0.507,6.1,3.6,0.8,1.7,0.9
22024,1610612739,CLE,Cleveland Cavaliers,Misc,Offensive,1.0,82,0.047,0.657,0.457,0.276,0.49,0.03,0.009,0.362,0.5,5.3,3.5,0.6,1.3,0.7
22024,1610612753,ORL,Orlando Magic,Misc,Offensive,0.897,82,0.057,0.55,0.409,0.209,0.533,0.02,0.002,0.3,0.451,6.2,3.4,0.7,1.6,1.0
22024,1610612737,ATL,Atlanta Hawks,Misc,Offensive,0.931,82,0.053,0.552,0.351,0.233,0.504,0.022,0.004,0.311,0.384,6.1,3.4,0.6,1.6,1.1
22024,1610612743,DEN,Denver Nuggets,Misc,Offensive,0.759,82,0.057,0.514,0.3,0.212,0.531,0.03,0.006,0.276,0.332,6.5,3.3,0.5,1.7,1.2
22024,1610612763,MEM,Memphis Grizzlies,Misc,Offensive,0.724,82,0.055,0.511,0.368,0.197,0.522,0.039,0.009,0.283,0.403,6.5,3.3,0.7,1.9,1.2
22024,1610612744,GSW,Golden State Warriors,Misc,Offensive,0.379,82,0.06,0.488,0.382,0.209,0.599,0.02,0.005,0.263,0.455,6.8,3.3,0.5,1.3,0.8
22024,1610612747,LAL,Los Angeles Lakers,Misc,Offensive,0.414,82,0.06,0.492,0.336,0.213,0.578,0.021,0.009,0.266,0.371,6.5,3.2,0.5,1.4,0.9
22024,1610612742,DAL,Dallas Mavericks,Misc,Offensive,0.862,82,0.051,0.545,0.405,0.219,0.549,0.021,0.006,0.296,0.459,5.7,3.1,0.5,1.4,0.8
22024,1610612749,MIL,Milwaukee Bucks,Misc,Offensive,0.793,82,0.053,0.535,0.43,0.199,0.596,0.032,0.006,0.279,0.48,5.8,3.1,0.5,1.2,0.7
22024,1610612757,POR,Portland Trail Blazers,Misc,Offensive,0.552,82,0.053,0.499,0.401,0.166,0.553,0.036,0.004,0.265,0.426,6.1,3.0,0.7,1.7,1.0
22024,1610612755,PHI,Philadelphia 76ers,Misc,Offensive,0.69,82,0.054,0.507,0.306,0.233,0.524,0.029,0.004,0.288,0.326,6.0,3.0,0.5,1.5,1.0
22024,1610612765,DET,Detroit Pistons,Misc,Offensive,0.172,82,0.06,0.431,0.355,0.181,0.603,0.025,0.002,0.241,0.393,6.8,2.9,0.5,1.5,1.0
22024,1610612745,HOU,Houston Rockets,Misc,Offensive,0.517,82,0.05,0.499,0.32,0.237,0.499,0.017,0.006,0.283,0.34,5.8,2.9,0.5,1.6,1.1
22024,1610612762,UTA,Utah Jazz,Misc,Offensive,0.103,82,0.06,0.416,0.393,0.138,0.619,0.027,0.005,0.212,0.432,6.9,2.9,0.7,1.7,1.0
22024,1610612740,NOP,New Orleans Pelicans,Misc,Offensive,0.621,82,0.05,0.501,0.445,0.158,0.595,0.032,0.009,0.257,0.508,5.7,2.9,0.6,1.5,0.8
22024,1610612751,BKN,Brooklyn Nets,Misc,Offensive,0.207,82,0.058,0.445,0.358,0.184,0.608,0.015,0.002,0.246,0.422,6.4,2.8,0.5,1.3,0.9
22024,1610612756,PHX,Phoenix Suns,Misc,Offensive,0.586,82,0.051,0.5,0.356,0.225,0.577,0.018,0.0,0.286,0.394,5.5,2.8,0.4,1.1,0.7
22024,1610612759,SAS,San Antonio Spurs,Misc,Offensive,0.655,82,0.048,0.507,0.372,0.186,0.545,0.014,0.007,0.277,0.409,5.4,2.7,0.5,1.5,0.9
22024,1610612764,WAS,Washington Wizards,Misc,Offensive,0.138,82,0.056,0.429,0.294,0.176,0.562,0.023,0.0,0.237,0.313,6.3,2.7,0.5,1.7,1.2
22024,1610612738,BOS,Boston Celtics,Misc,Offensive,0.483,82,0.049,0.497,0.37,0.198,0.558,0.014,0.002,0.271,0.444,5.4,2.7,0.5,1.3,0.8
22024,1610612741,CHI,Chicago Bulls,Misc,Offensive,0.448,82,0.045,0.495,0.429,0.17,0.599,0.012,0.0,0.267,0.495,5.2,2.6,0.5,1.2,0.7
22024,1610612758,SAC,Sacramento Kings,Misc,Offensive,0.276,82,0.048,0.472,0.402,0.158,0.585,0.027,0.007,0.242,0.449,5.4,2.5,0.6,1.4,0.9
22024,1610612750,MIN,Minnesota Timberwolves,Misc,Offensive,0.345,82,0.048,0.472,0.327,0.194,0.569,0.023,0.002,0.267,0.346,5.3,2.5,0.4,1.3,0.9
22024,1610612760,OKC,Oklahoma City Thunder,Misc,Offensive,0.828,82,0.041,0.539,0.439,0.179,0.544,0.013,0.008,0.293,0.491,4.6,2.5,0.6,1.3,0.7
22024,1610612752,NYK,New York Knicks,Misc,Offensive,0.241,82,0.048,0.464,0.352,0.182,0.584,0.041,0.014,0.248,0.375,5.3,2.5,0.5,1.3,0.9
22024,1610612766,CHA,Charlotte Hornets,Misc,Offensive,0.034,82,0.057,0.384,0.31,0.162,0.601,0.025,0.004,0.208,0.345,6.4,2.5,0.5,1.5,1.1
22024,1610612748,MIA,Miami Heat,Misc,Offensive,0.31,82,0.047,0.472,0.38,0.188,0.595,0.031,0.005,0.255,0.402,5.1,2.4,0.4,1.1,0.7
22024,1610612746,LAC,LA Clippers,Misc,Offensive,0.069,82,0.053,0.412,0.449,0.171,0.67,0.023,0.006,0.23,0.481,5.8,2.4,0.4,1.0,0.5
22024,1610612761,TOR,Toronto Raptors,Misc,Offensive,0.0,82,0.054,0.363,0.306,0.152,0.621,0.03,0.012,0.195,0.343,6.2,2.2,0.5,1.5,1.0
